RTA ID,RTA Name,Country,Entry Date,Exit Date
120,EU Treaty,Austria,1995-01-01,
120,EU Treaty,Bulgaria,2007-01-01,
120,EU Treaty,Croatia,2013-07-01,
120,EU Treaty,Cyprus,2004-05-01,
120,EU Treaty,Czech Republic,2004-05-01,
120,EU Treaty,Denmark,1973-01-01,
120,EU Treaty,Estonia,2004-05-01,
120,EU Treaty,Finland,1995-01-01,
120,EU Treaty,Greece,1981-01-01,
120,EU Treaty,Hungary,2004-05-01,
120,EU Treaty,Ireland,1973-01-01,
120,EU Treaty,Latvia,2004-05-01,
120,EU Treaty,Lithuania,2004-05-01,
120,EU Treaty,Malta,2004-05-01,
120,EU Treaty,Poland,2004-05-01,
120,EU Treaty,Portugal,1986-01-01,
120,EU Treaty,Romania,2007-01-01,
120,EU Treaty,Slovak Republic,2004-05-01,
120,EU Treaty,Slovenia,2004-05-01,
120,EU Treaty,Spain,1986-01-01,
120,EU Treaty,Sweden,1995-01-01,
120,EU Treaty,United Kingdom,1973-01-01,2020-12-31
120,EU Treaty,Belgium,1958-01-01,
120,EU Treaty,France,1958-01-01,
120,EU Treaty,Germany,1958-01-01,
120,EU Treaty,Italy,1958-01-01,
120,EU Treaty,Luxembourg,1958-01-01,
120,EU Treaty,Netherlands,1958-01-01,
134,Australia - New Zealand Closer Economic Relations Trade Agreement (ANZCERTA),Australia,1989-01-01,
134,Australia - New Zealand Closer Economic Relations Trade Agreement (ANZCERTA),New Zealand,1989-01-01,
122,North American Free Trade Agreement (NAFTA),Canada,1994-01-01,
122,North American Free Trade Agreement (NAFTA),Mexico,1994-01-01,
122,North American Free Trade Agreement (NAFTA),United States of America,1994-01-01,
114,European Economic Area (EEA),United Kingdom,1994-01-01,2020-12-31
114,European Economic Area (EEA),Belgium,1994-01-01,
114,European Economic Area (EEA),Denmark,1994-01-01,
114,European Economic Area (EEA),France,1994-01-01,
114,European Economic Area (EEA),Germany,1994-01-01,
114,European Economic Area (EEA),Greece,1994-01-01,
114,European Economic Area (EEA),Iceland,1994-01-01,
114,European Economic Area (EEA),Ireland,1994-01-01,
114,European Economic Area (EEA),Italy,1994-01-01,
114,European Economic Area (EEA),Liechtenstein,1994-01-01,
114,European Economic Area (EEA),Luxembourg,1994-01-01,
114,European Economic Area (EEA),Netherlands,1994-01-01,
114,European Economic Area (EEA),Norway,1994-01-01,
114,European Economic Area (EEA),Portugal,1994-01-01,
114,European Economic Area (EEA),Spain,1994-01-01,
248,EC - Hungary Europe Agreement,Belgium,1994-02-01,
248,EC - Hungary Europe Agreement,Denmark,1994-02-01,
248,EC - Hungary Europe Agreement,France,1994-02-01,
248,EC - Hungary Europe Agreement,Germany,1994-02-01,
248,EC - Hungary Europe Agreement,Greece,1994-02-01,
248,EC - Hungary Europe Agreement,Hungary,1994-02-01,
248,EC - Hungary Europe Agreement,Ireland,1994-02-01,
248,EC - Hungary Europe Agreement,Italy,1994-02-01,
248,EC - Hungary Europe Agreement,Luxembourg,1994-02-01,
248,EC - Hungary Europe Agreement,Netherlands,1994-02-01,
248,EC - Hungary Europe Agreement,Portugal,1994-02-01,
248,EC - Hungary Europe Agreement,Spain,1994-02-01,
248,EC - Hungary Europe Agreement,United Kingdom,1994-02-01,
264,EC - Poland Europe Agreement ,Austria,1994-02-01,
264,EC - Poland Europe Agreement ,Belgium,1994-02-01,
264,EC - Poland Europe Agreement ,Denmark,1994-02-01,
264,EC - Poland Europe Agreement ,Finland,1994-02-01,
264,EC - Poland Europe Agreement ,France,1994-02-01,
264,EC - Poland Europe Agreement ,Germany,1994-02-01,
264,EC - Poland Europe Agreement ,Greece,1994-02-01,
264,EC - Poland Europe Agreement ,Ireland,1994-02-01,
264,EC - Poland Europe Agreement ,Italy,1994-02-01,
264,EC - Poland Europe Agreement ,Luxembourg,1994-02-01,
264,EC - Poland Europe Agreement ,Netherlands,1994-02-01,
264,EC - Poland Europe Agreement ,Poland,1994-02-01,
264,EC - Poland Europe Agreement ,Portugal,1994-02-01,
264,EC - Poland Europe Agreement ,Spain,1994-02-01,
264,EC - Poland Europe Agreement ,Sweden,1994-02-01,
264,EC - Poland Europe Agreement ,United Kingdom,1994-02-01,
123,EC (15) Enlargement,United Kingdom,1995-01-01,2020-12-31
123,EC (15) Enlargement,Austria,1995-01-01,
123,EC (15) Enlargement,Belgium,1995-01-01,
123,EC (15) Enlargement,Denmark,1995-01-01,
123,EC (15) Enlargement,Finland,1995-01-01,
123,EC (15) Enlargement,France,1995-01-01,
123,EC (15) Enlargement,Germany,1995-01-01,
123,EC (15) Enlargement,Greece,1995-01-01,
123,EC (15) Enlargement,Ireland,1995-01-01,
123,EC (15) Enlargement,Italy,1995-01-01,
123,EC (15) Enlargement,Luxembourg,1995-01-01,
123,EC (15) Enlargement,Netherlands,1995-01-01,
123,EC (15) Enlargement,Portugal,1995-01-01,
123,EC (15) Enlargement,Spain,1995-01-01,
123,EC (15) Enlargement,Sweden,1995-01-01,
20,Costa Rica - Mexico,Costa Rica,1995-01-01,
20,Costa Rica - Mexico,Mexico,1995-01-01,
243,EC - Estonia Agreement,Belgium,1995-01-01,
243,EC - Estonia Agreement,Denmark,1995-01-01,
243,EC - Estonia Agreement,Estonia,1995-01-01,
243,EC - Estonia Agreement,France,1995-01-01,
243,EC - Estonia Agreement,Germany,1995-01-01,
243,EC - Estonia Agreement,Greece,1995-01-01,
243,EC - Estonia Agreement,Ireland,1995-01-01,
243,EC - Estonia Agreement,Italy,1995-01-01,
243,EC - Estonia Agreement,Luxembourg,1995-01-01,
243,EC - Estonia Agreement,Netherlands,1995-01-01,
243,EC - Estonia Agreement,Portugal,1995-01-01,
243,EC - Estonia Agreement,Spain,1995-01-01,
243,EC - Estonia Agreement,United Kingdom,1995-01-01,
649,Colombia - Mexico,Colombia,1995-01-01,
649,Colombia - Mexico,Mexico,1995-01-01,
254,EC - Latvia Agreement,Belgium,1995-01-01,
254,EC - Latvia Agreement,Denmark,1995-01-01,
254,EC - Latvia Agreement,France,1995-01-01,
254,EC - Latvia Agreement,Germany,1995-01-01,
254,EC - Latvia Agreement,Greece,1995-01-01,
254,EC - Latvia Agreement,Ireland,1995-01-01,
254,EC - Latvia Agreement,Italy,1995-01-01,
254,EC - Latvia Agreement,Latvia,1995-01-01,
254,EC - Latvia Agreement,Luxembourg,1995-01-01,
254,EC - Latvia Agreement,Netherlands,1995-01-01,
254,EC - Latvia Agreement,Portugal,1995-01-01,
254,EC - Latvia Agreement,Spain,1995-01-01,
254,EC - Latvia Agreement,United Kingdom,1995-01-01,
258,EC - Lithuania ,Belgium,1995-01-01,
258,EC - Lithuania ,Denmark,1995-01-01,
258,EC - Lithuania ,France,1995-01-01,
258,EC - Lithuania ,Germany,1995-01-01,
258,EC - Lithuania ,Greece,1995-01-01,
258,EC - Lithuania ,Ireland,1995-01-01,
258,EC - Lithuania ,Italy,1995-01-01,
258,EC - Lithuania ,Lithuania,1995-01-01,
258,EC - Lithuania ,Luxembourg,1995-01-01,
258,EC - Lithuania ,Netherlands,1995-01-01,
258,EC - Lithuania ,Portugal,1995-01-01,
258,EC - Lithuania ,Spain,1995-01-01,
258,EC - Lithuania ,United Kingdom,1995-01-01,
235,EC - Bulgaria Europe Agreement,Belgium,1995-02-01,
235,EC - Bulgaria Europe Agreement,Bulgaria,1995-02-01,
235,EC - Bulgaria Europe Agreement,Denmark,1995-02-01,
235,EC - Bulgaria Europe Agreement,France,1995-02-01,
235,EC - Bulgaria Europe Agreement,Germany,1995-02-01,
235,EC - Bulgaria Europe Agreement,Greece,1995-02-01,
235,EC - Bulgaria Europe Agreement,Ireland,1995-02-01,
235,EC - Bulgaria Europe Agreement,Italy,1995-02-01,
235,EC - Bulgaria Europe Agreement,Luxembourg,1995-02-01,
235,EC - Bulgaria Europe Agreement,Netherlands,1995-02-01,
235,EC - Bulgaria Europe Agreement,Portugal,1995-02-01,
235,EC - Bulgaria Europe Agreement,Spain,1995-02-01,
235,EC - Bulgaria Europe Agreement,United Kingdom,1995-02-01,
239,EC - Czech Republic Europe Agreement,Austria,1995-02-01,
239,EC - Czech Republic Europe Agreement,Belgium,1995-02-01,
239,EC - Czech Republic Europe Agreement,Czech Republic,1995-02-01,
239,EC - Czech Republic Europe Agreement,Denmark,1995-02-01,
239,EC - Czech Republic Europe Agreement,Finland,1995-02-01,
239,EC - Czech Republic Europe Agreement,France,1995-02-01,
239,EC - Czech Republic Europe Agreement,Germany,1995-02-01,
239,EC - Czech Republic Europe Agreement,Greece,1995-02-01,
239,EC - Czech Republic Europe Agreement,Ireland,1995-02-01,
239,EC - Czech Republic Europe Agreement,Italy,1995-02-01,
239,EC - Czech Republic Europe Agreement,Luxembourg,1995-02-01,
239,EC - Czech Republic Europe Agreement,Netherlands,1995-02-01,
239,EC - Czech Republic Europe Agreement,Portugal,1995-02-01,
239,EC - Czech Republic Europe Agreement,Spain,1995-02-01,
239,EC - Czech Republic Europe Agreement,Sweden,1995-02-01,
239,EC - Czech Republic Europe Agreement,United Kingdom,1995-02-01,
270,EC - Slovak Republic Europe Agreement,Belgium,1995-02-01,
270,EC - Slovak Republic Europe Agreement,Denmark,1995-02-01,
270,EC - Slovak Republic Europe Agreement,France,1995-02-01,
270,EC - Slovak Republic Europe Agreement,Germany,1995-02-01,
270,EC - Slovak Republic Europe Agreement,Greece,1995-02-01,
270,EC - Slovak Republic Europe Agreement,Ireland,1995-02-01,
270,EC - Slovak Republic Europe Agreement,Italy,1995-02-01,
270,EC - Slovak Republic Europe Agreement,Luxembourg,1995-02-01,
270,EC - Slovak Republic Europe Agreement,Netherlands,1995-02-01,
270,EC - Slovak Republic Europe Agreement,Portugal,1995-02-01,
270,EC - Slovak Republic Europe Agreement,Slovak Republic,1995-02-01,
270,EC - Slovak Republic Europe Agreement,Spain,1995-02-01,
270,EC - Slovak Republic Europe Agreement,United Kingdom,1995-02-01,
268,EC - Romania Europe Agreement,Belgium,1995-02-01,
268,EC - Romania Europe Agreement,Denmark,1995-02-01,
268,EC - Romania Europe Agreement,France,1995-02-01,
268,EC - Romania Europe Agreement,Germany,1995-02-01,
268,EC - Romania Europe Agreement,Greece,1995-02-01,
268,EC - Romania Europe Agreement,Ireland,1995-02-01,
268,EC - Romania Europe Agreement,Italy,1995-02-01,
268,EC - Romania Europe Agreement,Luxembourg,1995-02-01,
268,EC - Romania Europe Agreement,Netherlands,1995-02-01,
268,EC - Romania Europe Agreement,Portugal,1995-02-01,
268,EC - Romania Europe Agreement,Romania,1995-02-01,
268,EC - Romania Europe Agreement,Spain,1995-02-01,
268,EC - Romania Europe Agreement,United Kingdom,1995-02-01,
110,Canada - Chile,Canada,1997-07-05,
110,Canada - Chile,Chile,1997-07-05,
32,Mexico - Nicaragua,Mexico,1998-07-01,
32,Mexico - Nicaragua,Nicaragua,1998-07-01,
1170,ASEAN Free Trade Area (AFTA),Brunei Darussalam,1998-08-12,
1170,ASEAN Free Trade Area (AFTA),Myanmar,1998-08-12,
1170,ASEAN Free Trade Area (AFTA),Cambodia,1998-08-12,
1170,ASEAN Free Trade Area (AFTA),Indonesia,1998-08-12,
1170,ASEAN Free Trade Area (AFTA),Lao People's Democratic Republic,1998-08-12,
1170,ASEAN Free Trade Area (AFTA),Malaysia,1998-08-12,
1170,ASEAN Free Trade Area (AFTA),Philippines,1998-08-12,
1170,ASEAN Free Trade Area (AFTA),Singapore,1998-08-12,
1170,ASEAN Free Trade Area (AFTA),Viet Nam,1998-08-12,
1170,ASEAN Free Trade Area (AFTA),Thailand,1998-08-12,
273,EC - Slovenia Europe Agreement,Belgium,1999-02-01,
273,EC - Slovenia Europe Agreement,Denmark,1999-02-01,
273,EC - Slovenia Europe Agreement,France,1999-02-01,
273,EC - Slovenia Europe Agreement,Germany,1999-02-01,
273,EC - Slovenia Europe Agreement,Greece,1999-02-01,
273,EC - Slovenia Europe Agreement,Ireland,1999-02-01,
273,EC - Slovenia Europe Agreement,Italy,1999-02-01,
273,EC - Slovenia Europe Agreement,Luxembourg,1999-02-01,
273,EC - Slovenia Europe Agreement,Netherlands,1999-02-01,
273,EC - Slovenia Europe Agreement,Portugal,1999-02-01,
273,EC - Slovenia Europe Agreement,Slovenia,1999-02-01,
273,EC - Slovenia Europe Agreement,Spain,1999-02-01,
273,EC - Slovenia Europe Agreement,United Kingdom,1999-02-01,
80,Chile - Mexico,Chile,1999-08-01,
80,Chile - Mexico,Mexico,1999-08-01,
73,EU - Mexico,United Kingdom,2000-10-01,2020-12-31
73,EU - Mexico,Austria,2000-10-01,
73,EU - Mexico,Belgium,2000-10-01,
73,EU - Mexico,Denmark,2000-10-01,
73,EU - Mexico,Finland,2000-10-01,
73,EU - Mexico,France,2000-10-01,
73,EU - Mexico,Germany,2000-10-01,
73,EU - Mexico,Greece,2000-10-01,
73,EU - Mexico,Ireland,2000-10-01,
73,EU - Mexico,Italy,2000-10-01,
73,EU - Mexico,Luxembourg,2000-10-01,
73,EU - Mexico,Mexico,2000-10-01,
73,EU - Mexico,Netherlands,2000-10-01,
73,EU - Mexico,Portugal,2000-10-01,
73,EU - Mexico,Spain,2000-10-01,
73,EU - Mexico,Sweden,2000-10-01,
78,New Zealand - Singapore,New Zealand,2001-01-01,
78,New Zealand - Singapore,Singapore,2001-01-01,
24,Mexico - Guatemala (Mexico - Northern Triangle),Guatemala,2001-03-15,
24,Mexico - Guatemala (Mexico - Northern Triangle),Mexico,2001-03-15,
26,Mexico - El Salvador (Mexico - Northern Triangle),El Salvador,2001-03-15,
26,Mexico - El Salvador (Mexico - Northern Triangle),Mexico,2001-03-15,
25,Mexico - Honduras (Mexico - Northern Triangle),Honduras,2001-06-01,
25,Mexico - Honduras (Mexico - Northern Triangle),Mexico,2001-06-01,
79,EFTA - Mexico,Mexico,2001-07-01,
79,EFTA - Mexico,European Free Trade Association (EFTA),2001-07-01,
764,Dominican Republic - Central America,Costa Rica,2002-03-07,
764,Dominican Republic - Central America,Guatemala,2001-10-15,
764,Dominican Republic - Central America,Honduras,2001-12-19,
764,Dominican Republic - Central America,Nicaragua,2002-09-03,
764,Dominican Republic - Central America,Dominican Republic,2001-10-04,
764,Dominican Republic - Central America,El Salvador,2001-10-04,
71,United States - Jordan ,Jordan,2001-12-17,
71,United States - Jordan ,United States of America,2001-12-17,
74,Chile - Costa Rica (Chile - Central America),Chile,2002-02-15,
74,Chile - Costa Rica (Chile - Central America),Costa Rica,2002-02-15,
152,European Free Trade Association (EFTA),Austria,2002-06-01,1994-12-31
152,European Free Trade Association (EFTA),Denmark,2002-06-01,1972-12-31
152,European Free Trade Association (EFTA),Finland,1986-01-01,1994-12-31
152,European Free Trade Association (EFTA),Iceland,1970-03-01,
152,European Free Trade Association (EFTA),Liechtenstein,1991-01-01,
152,European Free Trade Association (EFTA),Portugal,2002-06-01,1985-12-31
152,European Free Trade Association (EFTA),Sweden,2002-06-01,1994-12-31
152,European Free Trade Association (EFTA),United Kingdom,2002-06-01,1972-12-31
152,European Free Trade Association (EFTA),Norway,2002-06-01,
152,European Free Trade Association (EFTA),Switzerland,2002-06-01,
55,Chile - El Salvador (Chile - Central America),Chile,2002-06-01,
55,Chile - El Salvador (Chile - Central America),El Salvador,2002-06-01,
141,Caribbean Community and Common Market (CARICOM),Antigua and Barbuda,1974-07-04,
141,Caribbean Community and Common Market (CARICOM),Bahamas,1983-07-04,
141,Caribbean Community and Common Market (CARICOM),Belize,1974-05-01,
141,Caribbean Community and Common Market (CARICOM),Dominica,1974-05-01,
141,Caribbean Community and Common Market (CARICOM),Grenada,1974-05-01,
141,Caribbean Community and Common Market (CARICOM),Haiti,2002-07-02,
141,Caribbean Community and Common Market (CARICOM),Montserrat,1974-05-01,
141,Caribbean Community and Common Market (CARICOM),Saint Kitts and Nevis,1974-07-26,
141,Caribbean Community and Common Market (CARICOM),Saint Lucia,1974-05-01,
141,Caribbean Community and Common Market (CARICOM),Saint Vincent and the Grenadines,1974-05-01,
141,Caribbean Community and Common Market (CARICOM),Suriname,1995-07-04,
141,Caribbean Community and Common Market (CARICOM),Barbados,2002-07-04,
141,Caribbean Community and Common Market (CARICOM),Guyana,2002-07-04,
141,Caribbean Community and Common Market (CARICOM),Jamaica,2002-07-04,
141,Caribbean Community and Common Market (CARICOM),Trinidad and Tobago,2002-07-04,
70,Japan - Singapore,Japan,2002-11-30,
70,Japan - Singapore,Singapore,2002-11-30,
65,EFTA - Singapore,Singapore,2003-01-01,
65,EFTA - Singapore,European Free Trade Association (EFTA),2003-01-01,
39,Panama - El Salvador (Panama - Central America),El Salvador,2003-04-11,
39,Panama - El Salvador (Panama - Central America),Panama,2003-04-11,
57,"China - Hong Kong, China",China,2003-06-29,
57,"China - Hong Kong, China","Hong Kong, China",2003-06-29,
60,Singapore - Australia,Australia,2003-07-28,
60,Singapore - Australia,Singapore,2003-07-28,
56,"China - Macao, China",China,2003-10-17,
56,"China - Macao, China","Macao, China",2003-10-17,
620,GUAM,Azerbaijan,2003-12-10,
620,GUAM,Georgia,2003-12-10,
620,GUAM,"Moldova, Republic of",2003-12-10,
620,GUAM,Ukraine,2003-12-10,
425,Panama - Chinese Taipei,Chinese Taipei,2004-01-01,
425,Panama - Chinese Taipei,Panama,2004-01-01,
58,United States - Singapore,Singapore,2004-01-01,
58,United States - Singapore,United States of America,2004-01-01,
59,United States - Chile,Chile,2004-01-01,
59,United States - Chile,United States of America,2004-01-01,
77,EU - North Macedonia,United Kingdom,2004-04-01,2020-12-31
77,EU - North Macedonia,Austria,2004-04-01,
77,EU - North Macedonia,Belgium,2004-04-01,
77,EU - North Macedonia,Denmark,2004-04-01,
77,EU - North Macedonia,Finland,2004-04-01,
77,EU - North Macedonia,France,2004-04-01,
77,EU - North Macedonia,Germany,2004-04-01,
77,EU - North Macedonia,Greece,2004-04-01,
77,EU - North Macedonia,Ireland,2004-04-01,
77,EU - North Macedonia,Italy,2004-04-01,
77,EU - North Macedonia,Luxembourg,2004-04-01,
77,EU - North Macedonia,Netherlands,2004-04-01,
77,EU - North Macedonia,Portugal,2004-04-01,
77,EU - North Macedonia,Spain,2004-04-01,
77,EU - North Macedonia,Sweden,2004-04-01,
77,EU - North Macedonia,North Macedonia,2004-04-01,
53,"Korea, Republic of - Chile",Chile,2004-04-01,
53,"Korea, Republic of - Chile","Korea, Republic of",2004-04-01,
52,EC (25) Enlargement,United Kingdom,2004-05-01,2020-12-31
52,EC (25) Enlargement,Austria,2004-05-01,
52,EC (25) Enlargement,Belgium,2004-05-01,
52,EC (25) Enlargement,Cyprus,2004-05-01,
52,EC (25) Enlargement,Czech Republic,2004-05-01,
52,EC (25) Enlargement,Denmark,2004-05-01,
52,EC (25) Enlargement,Estonia,2004-05-01,
52,EC (25) Enlargement,Finland,2004-05-01,
52,EC (25) Enlargement,France,2004-05-01,
52,EC (25) Enlargement,Germany,2004-05-01,
52,EC (25) Enlargement,Greece,2004-05-01,
52,EC (25) Enlargement,Hungary,2004-05-01,
52,EC (25) Enlargement,Ireland,2004-05-01,
52,EC (25) Enlargement,Italy,2004-05-01,
52,EC (25) Enlargement,Latvia,2004-05-01,
52,EC (25) Enlargement,Lithuania,2004-05-01,
52,EC (25) Enlargement,Luxembourg,2004-05-01,
52,EC (25) Enlargement,Malta,2004-05-01,
52,EC (25) Enlargement,Netherlands,2004-05-01,
52,EC (25) Enlargement,Poland,2004-05-01,
52,EC (25) Enlargement,Portugal,2004-05-01,
52,EC (25) Enlargement,Slovak Republic,2004-05-01,
52,EC (25) Enlargement,Slovenia,2004-05-01,
52,EC (25) Enlargement,Spain,2004-05-01,
52,EC (25) Enlargement,Sweden,2004-05-01,
651,Mexico - Uruguay,Mexico,2004-07-15,
651,Mexico - Uruguay,Uruguay,2004-07-15,
43,EFTA - Chile,Chile,2004-12-01,
43,EFTA - Chile,European Free Trade Association (EFTA),2004-12-01,
40,Thailand - Australia,Australia,2005-01-01,
40,Thailand - Australia,Thailand,2005-01-01,
41,United States - Australia,Australia,2005-01-01,
41,United States - Australia,United States of America,2005-01-01,
67,EU - Croatia,Austria,2005-02-01,
67,EU - Croatia,Belgium,2005-02-01,
67,EU - Croatia,Croatia,2005-02-01,
67,EU - Croatia,Cyprus,2005-02-01,
67,EU - Croatia,Czech Republic,2005-02-01,
67,EU - Croatia,Denmark,2005-02-01,
67,EU - Croatia,Estonia,2005-02-01,
67,EU - Croatia,Finland,2005-02-01,
67,EU - Croatia,France,2005-02-01,
67,EU - Croatia,Germany,2005-02-01,
67,EU - Croatia,Greece,2005-02-01,
67,EU - Croatia,Hungary,2005-02-01,
67,EU - Croatia,Ireland,2005-02-01,
67,EU - Croatia,Italy,2005-02-01,
67,EU - Croatia,Latvia,2005-02-01,
67,EU - Croatia,Lithuania,2005-02-01,
67,EU - Croatia,Luxembourg,2005-02-01,
67,EU - Croatia,Malta,2005-02-01,
67,EU - Croatia,Netherlands,2005-02-01,
67,EU - Croatia,Poland,2005-02-01,
67,EU - Croatia,Portugal,2005-02-01,
67,EU - Croatia,Slovak Republic,2005-02-01,
67,EU - Croatia,Slovenia,2005-02-01,
67,EU - Croatia,Spain,2005-02-01,
67,EU - Croatia,Sweden,2005-02-01,
67,EU - Croatia,United Kingdom,2005-02-01,
33,EU - Chile,United Kingdom,2005-03-01,2020-12-31
33,EU - Chile,Austria,2005-03-01,
33,EU - Chile,Belgium,2005-03-01,
33,EU - Chile,Chile,2005-03-01,
33,EU - Chile,Denmark,2005-03-01,
33,EU - Chile,Finland,2005-03-01,
33,EU - Chile,France,2005-03-01,
33,EU - Chile,Germany,2005-03-01,
33,EU - Chile,Greece,2005-03-01,
33,EU - Chile,Ireland,2005-03-01,
33,EU - Chile,Italy,2005-03-01,
33,EU - Chile,Luxembourg,2005-03-01,
33,EU - Chile,Netherlands,2005-03-01,
33,EU - Chile,Portugal,2005-03-01,
33,EU - Chile,Spain,2005-03-01,
33,EU - Chile,Sweden,2005-03-01,
38,Japan - Mexico,Japan,2005-04-01,
38,Japan - Mexico,Mexico,2005-04-01,
31,Thailand - New Zealand,New Zealand,2005-07-01,
31,Thailand - New Zealand,Thailand,2005-07-01,
10,India - Singapore,India,2005-08-01,
10,India - Singapore,Singapore,2005-08-01,
23,Jordan - Singapore,Jordan,2005-08-22,
23,Jordan - Singapore,Singapore,2005-08-22,
130,Southern Common Market (MERCOSUR),Argentina,2005-12-07,
130,Southern Common Market (MERCOSUR),Brazil,2005-12-07,
130,Southern Common Market (MERCOSUR),Paraguay,2005-12-07,
130,Southern Common Market (MERCOSUR),Uruguay,2005-12-07,
30,United States - Morocco,Morocco,2006-01-01,
30,United States - Morocco,United States of America,2006-01-01,
27,Dominican Republic - Central America - United States Free Trade Agreement (CAFTA-DR),Costa Rica,2009-01-01,
27,Dominican Republic - Central America - United States Free Trade Agreement (CAFTA-DR),Dominican Republic,2007-03-01,
27,Dominican Republic - Central America - United States Free Trade Agreement (CAFTA-DR),Guatemala,2006-07-01,
27,Dominican Republic - Central America - United States Free Trade Agreement (CAFTA-DR),Honduras,2006-04-01,
27,Dominican Republic - Central America - United States Free Trade Agreement (CAFTA-DR),Nicaragua,2006-04-01,
27,Dominican Republic - Central America - United States Free Trade Agreement (CAFTA-DR),El Salvador,2006-03-01,
27,Dominican Republic - Central America - United States Free Trade Agreement (CAFTA-DR),United States of America,2006-03-01,
28,"Korea, Republic of - Singapore","Korea, Republic of",2006-03-02,
28,"Korea, Republic of - Singapore",Singapore,2006-03-02,
9,Trans-Pacific Strategic Economic Partnership,Brunei Darussalam,2006-07-12,
9,Trans-Pacific Strategic Economic Partnership,Chile,2006-11-08,
9,Trans-Pacific Strategic Economic Partnership,New Zealand,2006-05-28,
9,Trans-Pacific Strategic Economic Partnership,Singapore,2006-05-28,
424,Guatemala - Chinese Taipei,Chinese Taipei,2006-07-01,
424,Guatemala - Chinese Taipei,Guatemala,2006-07-01,
22,Japan - Malaysia,Japan,2006-07-13,
22,Japan - Malaysia,Malaysia,2006-07-13,
11,Panama - Singapore,Panama,2006-07-24,
11,Panama - Singapore,Singapore,2006-07-24,
19,United States - Bahrain,"Bahrain, Kingdom of",2006-08-01,
19,United States - Bahrain,United States of America,2006-08-01,
21,"EFTA - Korea, Republic of",Iceland,2006-10-01,
21,"EFTA - Korea, Republic of","Korea, Republic of",2006-09-01,
21,"EFTA - Korea, Republic of",European Free Trade Association (EFTA),2006-09-01,
566,Iceland - Faeroe Islands,Faeroe Islands,2006-11-01,
566,Iceland - Faeroe Islands,Iceland,2006-11-01,
6,EC (27) Enlargement,United Kingdom,2007-01-01,2020-12-31
6,EC (27) Enlargement,Austria,2007-01-01,
6,EC (27) Enlargement,Belgium,2007-01-01,
6,EC (27) Enlargement,Bulgaria,2007-01-01,
6,EC (27) Enlargement,Cyprus,2007-01-01,
6,EC (27) Enlargement,Czech Republic,2007-01-01,
6,EC (27) Enlargement,Denmark,2007-01-01,
6,EC (27) Enlargement,Estonia,2007-01-01,
6,EC (27) Enlargement,Finland,2007-01-01,
6,EC (27) Enlargement,France,2007-01-01,
6,EC (27) Enlargement,Germany,2007-01-01,
6,EC (27) Enlargement,Greece,2007-01-01,
6,EC (27) Enlargement,Hungary,2007-01-01,
6,EC (27) Enlargement,Ireland,2007-01-01,
6,EC (27) Enlargement,Italy,2007-01-01,
6,EC (27) Enlargement,Latvia,2007-01-01,
6,EC (27) Enlargement,Lithuania,2007-01-01,
6,EC (27) Enlargement,Luxembourg,2007-01-01,
6,EC (27) Enlargement,Malta,2007-01-01,
6,EC (27) Enlargement,Netherlands,2007-01-01,
6,EC (27) Enlargement,Poland,2007-01-01,
6,EC (27) Enlargement,Portugal,2007-01-01,
6,EC (27) Enlargement,Romania,2007-01-01,
6,EC (27) Enlargement,Slovak Republic,2007-01-01,
6,EC (27) Enlargement,Slovenia,2007-01-01,
6,EC (27) Enlargement,Spain,2007-01-01,
6,EC (27) Enlargement,Sweden,2007-01-01,
42,ASEAN - China,China,2007-07-01,
42,ASEAN - China,ASEAN Free Trade Area (AFTA),2007-07-01,
3,Chile - Japan,Chile,2007-09-03,
3,Chile - Japan,Japan,2007-09-03,
1,Japan - Thailand,Japan,2007-11-01,
1,Japan - Thailand,Thailand,2007-11-01,
187,Pakistan - Malaysia,Malaysia,2008-01-01,
187,Pakistan - Malaysia,Pakistan,2008-01-01,
671,Nicaragua - Chinese Taipei,Chinese Taipei,2008-01-01,
671,Nicaragua - Chinese Taipei,Nicaragua,2008-01-01,
527,El Salvador - Honduras - Chinese Taipei,Chinese Taipei,2008-03-01,
527,El Salvador - Honduras - Chinese Taipei,El Salvador,2008-03-01,
527,El Salvador - Honduras - Chinese Taipei,Honduras,2008-03-01,
189,Panama - Chile,Chile,2008-03-07,
189,Panama - Chile,Panama,2008-03-07,
172,Japan - Indonesia ,Indonesia,2008-07-01,
172,Japan - Indonesia ,Japan,2008-07-01,
511,Chile - Honduras (Chile - Central America),Chile,2008-07-19,
511,Chile - Honduras (Chile - Central America),Honduras,2008-07-19,
567,Brunei Darussalam - Japan,Brunei Darussalam,2008-07-31,
567,Brunei Darussalam - Japan,Japan,2008-07-31,
664,China - New Zealand,China,2008-10-01,
664,China - New Zealand,New Zealand,2008-10-01,
414,Panama - Costa Rica (Panama - Central America),Costa Rica,2008-11-23,
414,Panama - Costa Rica (Panama - Central America),Panama,2008-11-23,
622,Japan - Philippines,Japan,2008-12-11,
622,Japan - Philippines,Philippines,2008-12-11,
605,EU - CARIFORUM States,United Kingdom,2008-12-29,2020-12-31
605,EU - CARIFORUM States,Antigua and Barbuda,2008-12-29,
605,EU - CARIFORUM States,Austria,2008-12-29,
605,EU - CARIFORUM States,Bahamas,2008-12-29,
605,EU - CARIFORUM States,Barbados,2008-12-29,
605,EU - CARIFORUM States,Belgium,2008-12-29,
605,EU - CARIFORUM States,Belize,2008-12-29,
605,EU - CARIFORUM States,Bulgaria,2008-12-29,
605,EU - CARIFORUM States,Cyprus,2008-12-29,
605,EU - CARIFORUM States,Czech Republic,2008-12-29,
605,EU - CARIFORUM States,Denmark,2008-12-29,
605,EU - CARIFORUM States,Dominica,2008-12-29,
605,EU - CARIFORUM States,Dominican Republic,2008-12-29,
605,EU - CARIFORUM States,Estonia,2008-12-29,
605,EU - CARIFORUM States,Finland,2008-12-29,
605,EU - CARIFORUM States,France,2008-12-29,
605,EU - CARIFORUM States,Germany,2008-12-29,
605,EU - CARIFORUM States,Greece,2008-12-29,
605,EU - CARIFORUM States,Grenada,2008-12-29,
605,EU - CARIFORUM States,Guyana,2008-12-29,
605,EU - CARIFORUM States,Hungary,2008-12-29,
605,EU - CARIFORUM States,Ireland,2008-12-29,
605,EU - CARIFORUM States,Italy,2008-12-29,
605,EU - CARIFORUM States,Jamaica,2008-12-29,
605,EU - CARIFORUM States,Latvia,2008-12-29,
605,EU - CARIFORUM States,Lithuania,2008-12-29,
605,EU - CARIFORUM States,Luxembourg,2008-12-29,
605,EU - CARIFORUM States,Malta,2008-12-29,
605,EU - CARIFORUM States,Netherlands,2008-12-29,
605,EU - CARIFORUM States,Poland,2008-12-29,
605,EU - CARIFORUM States,Portugal,2008-12-29,
605,EU - CARIFORUM States,Romania,2008-12-29,
605,EU - CARIFORUM States,Saint Kitts and Nevis,2008-12-29,
605,EU - CARIFORUM States,Saint Lucia,2008-12-29,
605,EU - CARIFORUM States,Saint Vincent and the Grenadines,2008-12-29,
605,EU - CARIFORUM States,Slovak Republic,2008-12-29,
605,EU - CARIFORUM States,Slovenia,2008-12-29,
605,EU - CARIFORUM States,Spain,2008-12-29,
605,EU - CARIFORUM States,Suriname,2008-12-29,
605,EU - CARIFORUM States,Sweden,2008-12-29,
605,EU - CARIFORUM States,Trinidad and Tobago,2008-12-29,
496,China - Singapore,China,2009-01-01,
496,China - Singapore,Singapore,2009-01-01,
182,United States - Oman,Oman,2009-01-01,
182,United States - Oman,United States of America,2009-01-01,
416,Panama - Honduras (Panama - Central America),Honduras,2009-01-09,
416,Panama - Honduras (Panama - Central America),Panama,2009-01-09,
180,United States - Peru,Peru,2009-02-01,
180,United States - Peru,United States of America,2009-02-01,
514,Peru - Chile,Chile,2009-03-01,
514,Peru - Chile,Peru,2009-03-01,
157,Australia - Chile,Australia,2009-03-06,
157,Australia - Chile,Chile,2009-03-06,
12,EU - Albania,United Kingdom,2009-04-01,2020-12-31
12,EU - Albania,Albania,2009-04-01,
12,EU - Albania,Austria,2009-04-01,
12,EU - Albania,Belgium,2009-04-01,
12,EU - Albania,Cyprus,2009-04-01,
12,EU - Albania,Czech Republic,2009-04-01,
12,EU - Albania,Denmark,2009-04-01,
12,EU - Albania,Estonia,2009-04-01,
12,EU - Albania,Finland,2009-04-01,
12,EU - Albania,France,2009-04-01,
12,EU - Albania,Germany,2009-04-01,
12,EU - Albania,Greece,2009-04-01,
12,EU - Albania,Hungary,2009-04-01,
12,EU - Albania,Ireland,2009-04-01,
12,EU - Albania,Italy,2009-04-01,
12,EU - Albania,Latvia,2009-04-01,
12,EU - Albania,Lithuania,2009-04-01,
12,EU - Albania,Luxembourg,2009-04-01,
12,EU - Albania,Malta,2009-04-01,
12,EU - Albania,Netherlands,2009-04-01,
12,EU - Albania,Poland,2009-04-01,
12,EU - Albania,Portugal,2009-04-01,
12,EU - Albania,Slovak Republic,2009-04-01,
12,EU - Albania,Slovenia,2009-04-01,
12,EU - Albania,Spain,2009-04-01,
12,EU - Albania,Sweden,2009-04-01,
169,"ASEAN - Korea, Republic of","Korea, Republic of",2009-05-01,
169,"ASEAN - Korea, Republic of",ASEAN Free Trade Area (AFTA),2009-05-01,
509,Chile - Colombia,Chile,2009-05-08,
509,Chile - Colombia,Colombia,2009-05-08,
415,Panama - Guatemala (Panama - Central America),Guatemala,2009-06-20,
415,Panama - Guatemala (Panama - Central America),Panama,2009-06-20,
672,Canada - Peru,Canada,2009-08-01,
672,Canada - Peru,Peru,2009-08-01,
495,Peru - Singapore,Peru,2009-08-01,
495,Peru - Singapore,Singapore,2009-08-01,
179,Japan - Switzerland ,Japan,2009-09-01,
179,Japan - Switzerland ,Switzerland,2009-09-01,
170,Japan - Viet Nam ,Japan,2009-10-01,
170,Japan - Viet Nam ,Viet Nam,2009-10-01,
153,Pakistan - China,China,2009-10-10,
153,Pakistan - China,Pakistan,2009-10-10,
755,"Colombia - Northern Triangle (El Salvador, Guatemala, Honduras)",El Salvador,2010-02-01,
755,"Colombia - Northern Triangle (El Salvador, Guatemala, Honduras)",Honduras,2010-03-27,
755,"Colombia - Northern Triangle (El Salvador, Guatemala, Honduras)",Colombia,2009-11-12,
755,"Colombia - Northern Triangle (El Salvador, Guatemala, Honduras)",Guatemala,2009-11-12,
417,Panama - Nicaragua (Panama - Central America),Nicaragua,2009-11-21,
417,Panama - Nicaragua (Panama - Central America),Panama,2009-11-21,
715,"Korea, Republic of - India",India,2010-01-01,
715,"Korea, Republic of - India","Korea, Republic of",2010-01-01,
437,ASEAN - Australia - New Zealand,Cambodia,2011-01-04,
437,ASEAN - Australia - New Zealand,Indonesia,2012-01-10,
437,ASEAN - Australia - New Zealand,Lao People's Democratic Republic,2011-01-01,
437,ASEAN - Australia - New Zealand,Thailand,2010-03-12,
437,ASEAN - Australia - New Zealand,Australia,2010-01-01,
437,ASEAN - Australia - New Zealand,New Zealand,2010-01-01,
437,ASEAN - Australia - New Zealand,ASEAN Free Trade Area (AFTA),2010-01-01,
666,Peru - China,China,2010-03-01,
666,Peru - China,Peru,2010-03-01,
510,Chile - Guatemala (Chile - Central America),Chile,2010-03-23,
510,Chile - Guatemala (Chile - Central America),Guatemala,2010-03-23,
154,EU - Montenegro,United Kingdom,2010-05-01,2020-12-31
154,EU - Montenegro,Austria,2010-05-01,
154,EU - Montenegro,Belgium,2010-05-01,
154,EU - Montenegro,Bulgaria,2010-05-01,
154,EU - Montenegro,Cyprus,2010-05-01,
154,EU - Montenegro,Czech Republic,2010-05-01,
154,EU - Montenegro,Denmark,2010-05-01,
154,EU - Montenegro,Estonia,2010-05-01,
154,EU - Montenegro,Finland,2010-05-01,
154,EU - Montenegro,France,2010-05-01,
154,EU - Montenegro,Germany,2010-05-01,
154,EU - Montenegro,Greece,2010-05-01,
154,EU - Montenegro,Hungary,2010-05-01,
154,EU - Montenegro,Ireland,2010-05-01,
154,EU - Montenegro,Italy,2010-05-01,
154,EU - Montenegro,Latvia,2010-05-01,
154,EU - Montenegro,Lithuania,2010-05-01,
154,EU - Montenegro,Luxembourg,2010-05-01,
154,EU - Montenegro,Malta,2010-05-01,
154,EU - Montenegro,Netherlands,2010-05-01,
154,EU - Montenegro,Poland,2010-05-01,
154,EU - Montenegro,Portugal,2010-05-01,
154,EU - Montenegro,Romania,2010-05-01,
154,EU - Montenegro,Slovak Republic,2010-05-01,
154,EU - Montenegro,Slovenia,2010-05-01,
154,EU - Montenegro,Spain,2010-05-01,
154,EU - Montenegro,Sweden,2010-05-01,
154,EU - Montenegro,Montenegro,2010-05-01,
94,East African Community (EAC),Kenya,2010-07-01,
94,East African Community (EAC),Uganda,2010-07-01,
94,East African Community (EAC),Tanzania,2010-07-01,
8,Chile - China,Chile,2010-08-01,
8,Chile - China,China,2010-08-01,
489,New Zealand - Malaysia,Malaysia,2010-08-01,
489,New Zealand - Malaysia,New Zealand,2010-08-01,
488,"Hong Kong, China - New Zealand","Hong Kong, China",2011-01-01,
488,"Hong Kong, China - New Zealand",New Zealand,2011-01-01,
177,EFTA - Colombia,Iceland,2014-10-01,
177,EFTA - Colombia,Norway,2014-09-01,
177,EFTA - Colombia,Colombia,2011-07-01,
177,EFTA - Colombia,European Free Trade Association (EFTA),2011-07-01,
544,India - Malaysia,India,2011-07-01,
544,India - Malaysia,Malaysia,2011-07-01,
167,"EU - Korea, Republic of ",United Kingdom,2011-07-01,2020-12-31
167,"EU - Korea, Republic of ",Austria,2011-07-01,
167,"EU - Korea, Republic of ",Belgium,2011-07-01,
167,"EU - Korea, Republic of ",Bulgaria,2011-07-01,
167,"EU - Korea, Republic of ",Cyprus,2011-07-01,
167,"EU - Korea, Republic of ",Czech Republic,2011-07-01,
167,"EU - Korea, Republic of ",Denmark,2011-07-01,
167,"EU - Korea, Republic of ",Estonia,2011-07-01,
167,"EU - Korea, Republic of ",Finland,2011-07-01,
167,"EU - Korea, Republic of ",France,2011-07-01,
167,"EU - Korea, Republic of ",Germany,2011-07-01,
167,"EU - Korea, Republic of ",Greece,2011-07-01,
167,"EU - Korea, Republic of ",Hungary,2011-07-01,
167,"EU - Korea, Republic of ",Ireland,2011-07-01,
167,"EU - Korea, Republic of ",Italy,2011-07-01,
167,"EU - Korea, Republic of ","Korea, Republic of",2011-07-01,
167,"EU - Korea, Republic of ",Latvia,2011-07-01,
167,"EU - Korea, Republic of ",Lithuania,2011-07-01,
167,"EU - Korea, Republic of ",Luxembourg,2011-07-01,
167,"EU - Korea, Republic of ",Malta,2011-07-01,
167,"EU - Korea, Republic of ",Netherlands,2011-07-01,
167,"EU - Korea, Republic of ",Poland,2011-07-01,
167,"EU - Korea, Republic of ",Portugal,2011-07-01,
167,"EU - Korea, Republic of ",Romania,2011-07-01,
167,"EU - Korea, Republic of ",Slovak Republic,2011-07-01,
167,"EU - Korea, Republic of ",Slovenia,2011-07-01,
167,"EU - Korea, Republic of ",Spain,2011-07-01,
167,"EU - Korea, Republic of ",Sweden,2011-07-01,
173,India - Japan,India,2011-08-01,
173,India - Japan,Japan,2011-08-01,
645,"Peru - Korea, Republic of","Korea, Republic of",2011-08-01,
645,"Peru - Korea, Republic of",Peru,2011-08-01,
677,China - Costa Rica ,China,2011-08-01,
677,China - Costa Rica ,Costa Rica,2011-08-01,
162,Canada - Colombia,Canada,2011-08-15,
162,Canada - Colombia,Colombia,2011-08-15,
662,Peru - Mexico,Mexico,2012-02-01,
662,Peru - Mexico,Peru,2012-02-01,
760,Japan - Peru,Japan,2012-03-01,
760,Japan - Peru,Peru,2012-03-01,
183,"Korea, Republic of - United States","Korea, Republic of",2012-03-15,
183,"Korea, Republic of - United States",United States of America,2012-03-15,
742,Panama - Peru,Panama,2012-05-01,
742,Panama - Peru,Peru,2012-05-01,
530,United States - Colombia,Colombia,2012-05-15,
530,United States - Colombia,United States of America,2012-05-15,
604,EFTA - Ukraine,Ukraine,2012-06-01,
604,EFTA - Ukraine,European Free Trade Association (EFTA),2012-06-01,
863,Mexico - Central America,Costa Rica,2013-07-01,
863,Mexico - Central America,Guatemala,2013-09-01,
863,Mexico - Central America,Honduras,2013-01-01,
863,Mexico - Central America,El Salvador,2012-09-01,
863,Mexico - Central America,Mexico,2012-09-01,
863,Mexico - Central America,Nicaragua,2012-09-01,
689,"EFTA - Hong Kong, China",Norway,2012-11-01,
689,"EFTA - Hong Kong, China","Hong Kong, China",2012-10-01,
689,"EFTA - Hong Kong, China",European Free Trade Association (EFTA),2012-10-01,
646,Chile - Nicaragua (Chile - Central America),Chile,2012-10-19,
646,Chile - Nicaragua (Chile - Central America),Nicaragua,2012-10-19,
181,United States - Panama,Panama,2012-10-31,
181,United States - Panama,United States of America,2012-10-31,
186,Malaysia - Australia,Australia,2013-01-01,
186,Malaysia - Australia,Malaysia,2013-01-01,
868,Ukraine - Montenegro,Ukraine,2013-01-01,
868,Ukraine - Montenegro,Montenegro,2013-01-01,
692,"EU - Colombia, Ecuador and Peru",Colombia,2013-08-01,
692,"EU - Colombia, Ecuador and Peru",Ecuador,2017-01-01,
692,"EU - Colombia, Ecuador and Peru",Peru,2013-03-01,
692,"EU - Colombia, Ecuador and Peru",United Kingdom,2013-03-01,2020-12-31
692,"EU - Colombia, Ecuador and Peru",Austria,2013-03-01,
692,"EU - Colombia, Ecuador and Peru",Belgium,2013-03-01,
692,"EU - Colombia, Ecuador and Peru",Bulgaria,2013-03-01,
692,"EU - Colombia, Ecuador and Peru",Cyprus,2013-03-01,
692,"EU - Colombia, Ecuador and Peru",Czech Republic,2013-03-01,
692,"EU - Colombia, Ecuador and Peru",Denmark,2013-03-01,
692,"EU - Colombia, Ecuador and Peru",Estonia,2013-03-01,
692,"EU - Colombia, Ecuador and Peru",Finland,2013-03-01,
692,"EU - Colombia, Ecuador and Peru",France,2013-03-01,
692,"EU - Colombia, Ecuador and Peru",Germany,2013-03-01,
692,"EU - Colombia, Ecuador and Peru",Greece,2013-03-01,
692,"EU - Colombia, Ecuador and Peru",Hungary,2013-03-01,
692,"EU - Colombia, Ecuador and Peru",Ireland,2013-03-01,
692,"EU - Colombia, Ecuador and Peru",Italy,2013-03-01,
692,"EU - Colombia, Ecuador and Peru",Latvia,2013-03-01,
692,"EU - Colombia, Ecuador and Peru",Lithuania,2013-03-01,
692,"EU - Colombia, Ecuador and Peru",Luxembourg,2013-03-01,
692,"EU - Colombia, Ecuador and Peru",Malta,2013-03-01,
692,"EU - Colombia, Ecuador and Peru",Netherlands,2013-03-01,
692,"EU - Colombia, Ecuador and Peru",Poland,2013-03-01,
692,"EU - Colombia, Ecuador and Peru",Portugal,2013-03-01,
692,"EU - Colombia, Ecuador and Peru",Romania,2013-03-01,
692,"EU - Colombia, Ecuador and Peru",Slovak Republic,2013-03-01,
692,"EU - Colombia, Ecuador and Peru",Slovenia,2013-03-01,
692,"EU - Colombia, Ecuador and Peru",Spain,2013-03-01,
692,"EU - Colombia, Ecuador and Peru",Sweden,2013-03-01,
608,Canada - Panama,Canada,2013-04-01,
608,Canada - Panama,Panama,2013-04-01,
741,Costa Rica - Peru,Costa Rica,2013-06-01,
741,Costa Rica - Peru,Peru,2013-06-01,
678,Costa Rica - Singapore,Costa Rica,2013-07-01,
678,Costa Rica - Singapore,Singapore,2013-07-01,
869,EU (28) Enlargement,United Kingdom,2013-07-01,2020-12-31
869,EU (28) Enlargement,Austria,2013-07-01,
869,EU (28) Enlargement,Belgium,2013-07-01,
869,EU (28) Enlargement,Bulgaria,2013-07-01,
869,EU (28) Enlargement,Croatia,2013-07-01,
869,EU (28) Enlargement,Cyprus,2013-07-01,
869,EU (28) Enlargement,Czech Republic,2013-07-01,
869,EU (28) Enlargement,Denmark,2013-07-01,
869,EU (28) Enlargement,Estonia,2013-07-01,
869,EU (28) Enlargement,Finland,2013-07-01,
869,EU (28) Enlargement,France,2013-07-01,
869,EU (28) Enlargement,Germany,2013-07-01,
869,EU (28) Enlargement,Greece,2013-07-01,
869,EU (28) Enlargement,Hungary,2013-07-01,
869,EU (28) Enlargement,Ireland,2013-07-01,
869,EU (28) Enlargement,Italy,2013-07-01,
869,EU (28) Enlargement,Latvia,2013-07-01,
869,EU (28) Enlargement,Lithuania,2013-07-01,
869,EU (28) Enlargement,Luxembourg,2013-07-01,
869,EU (28) Enlargement,Malta,2013-07-01,
869,EU (28) Enlargement,Netherlands,2013-07-01,
869,EU (28) Enlargement,Poland,2013-07-01,
869,EU (28) Enlargement,Portugal,2013-07-01,
869,EU (28) Enlargement,Romania,2013-07-01,
869,EU (28) Enlargement,Slovak Republic,2013-07-01,
869,EU (28) Enlargement,Slovenia,2013-07-01,
869,EU (28) Enlargement,Spain,2013-07-01,
869,EU (28) Enlargement,Sweden,2013-07-01,
676,EU - Central America,European Union,2013-08-01,
676,EU - Central America,Central American Common Market (CACM),2013-08-01,
921,Gulf Cooperation Council (GCC) - Singapore,Singapore,2013-09-01,
921,Gulf Cooperation Council (GCC) - Singapore,Gulf Cooperation Council (GCC),2013-09-01,
712,EU - Serbia,United Kingdom,2013-09-01,2020-12-31
712,EU - Serbia,Austria,2013-09-01,
712,EU - Serbia,Belgium,2013-09-01,
712,EU - Serbia,Bulgaria,2013-09-01,
712,EU - Serbia,Cyprus,2013-09-01,
712,EU - Serbia,Czech Republic,2013-09-01,
712,EU - Serbia,Denmark,2013-09-01,
712,EU - Serbia,Estonia,2013-09-01,
712,EU - Serbia,Finland,2013-09-01,
712,EU - Serbia,France,2013-09-01,
712,EU - Serbia,Germany,2013-09-01,
712,EU - Serbia,Greece,2013-09-01,
712,EU - Serbia,Hungary,2013-09-01,
712,EU - Serbia,Ireland,2013-09-01,
712,EU - Serbia,Italy,2013-09-01,
712,EU - Serbia,Latvia,2013-09-01,
712,EU - Serbia,Lithuania,2013-09-01,
712,EU - Serbia,Luxembourg,2013-09-01,
712,EU - Serbia,Malta,2013-09-01,
712,EU - Serbia,Netherlands,2013-09-01,
712,EU - Serbia,Poland,2013-09-01,
712,EU - Serbia,Portugal,2013-09-01,
712,EU - Serbia,Romania,2013-09-01,
712,EU - Serbia,Slovak Republic,2013-09-01,
712,EU - Serbia,Slovenia,2013-09-01,
712,EU - Serbia,Spain,2013-09-01,
712,EU - Serbia,Sweden,2013-09-01,
712,EU - Serbia,Serbia,2013-09-01,
140,Asia Pacific Trade Agreement (APTA),China,2002-01-01,
140,Asia Pacific Trade Agreement (APTA),Bangladesh,2013-09-17,
140,Asia Pacific Trade Agreement (APTA),Sri Lanka,2013-09-17,
140,Asia Pacific Trade Agreement (APTA),India,2013-09-17,
140,Asia Pacific Trade Agreement (APTA),"Korea, Republic of",2013-09-17,
140,Asia Pacific Trade Agreement (APTA),Lao People's Democratic Republic,2013-09-17,
874,New Zealand - Chinese Taipei,Chinese Taipei,2013-12-01,
874,New Zealand - Chinese Taipei,New Zealand,2013-12-01,
890,Singapore - Chinese Taipei,Chinese Taipei,2014-04-19,
890,Singapore - Chinese Taipei,Singapore,2014-04-19,
681,EU - Ukraine,Ukraine,2016-01-01,
681,EU - Ukraine,United Kingdom,2014-04-23,2020-12-31
681,EU - Ukraine,Austria,2014-04-23,
681,EU - Ukraine,Belgium,2014-04-23,
681,EU - Ukraine,Bulgaria,2014-04-23,
681,EU - Ukraine,Croatia,2014-04-23,
681,EU - Ukraine,Cyprus,2014-04-23,
681,EU - Ukraine,Czech Republic,2014-04-23,
681,EU - Ukraine,Denmark,2014-04-23,
681,EU - Ukraine,Estonia,2014-04-23,
681,EU - Ukraine,Finland,2014-04-23,
681,EU - Ukraine,France,2014-04-23,
681,EU - Ukraine,Germany,2014-04-23,
681,EU - Ukraine,Greece,2014-04-23,
681,EU - Ukraine,Hungary,2014-04-23,
681,EU - Ukraine,Ireland,2014-04-23,
681,EU - Ukraine,Italy,2014-04-23,
681,EU - Ukraine,Latvia,2014-04-23,
681,EU - Ukraine,Lithuania,2014-04-23,
681,EU - Ukraine,Luxembourg,2014-04-23,
681,EU - Ukraine,Malta,2014-04-23,
681,EU - Ukraine,Netherlands,2014-04-23,
681,EU - Ukraine,Poland,2014-04-23,
681,EU - Ukraine,Portugal,2014-04-23,
681,EU - Ukraine,Romania,2014-04-23,
681,EU - Ukraine,Slovak Republic,2014-04-23,
681,EU - Ukraine,Slovenia,2014-04-23,
681,EU - Ukraine,Spain,2014-04-23,
681,EU - Ukraine,Sweden,2014-04-23,
454,Iceland - China,China,2014-07-01,
454,Iceland - China,Iceland,2014-07-01,
635,Switzerland - China,China,2014-07-01,
635,Switzerland - China,Switzerland,2014-07-01,
462,EFTA - Gulf Cooperation Council (GCC),European Free Trade Association (EFTA),2014-07-01,
462,EFTA - Gulf Cooperation Council (GCC),Gulf Cooperation Council (GCC),2014-07-01,
766,EFTA - Central America (Costa Rica and Panama),Iceland,2014-09-05,
766,EFTA - Central America (Costa Rica and Panama),Liechtenstein,2014-08-29,
766,EFTA - Central America (Costa Rica and Panama),Switzerland,2014-08-29,
766,EFTA - Central America (Costa Rica and Panama),Costa Rica,2014-08-19,
766,EFTA - Central America (Costa Rica and Panama),Panama,2014-08-19,
766,EFTA - Central America (Costa Rica and Panama),European Free Trade Association (EFTA),2014-08-19,
850,"EU - Moldova, Republic of",United Kingdom,2014-09-01,2020-12-31
850,"EU - Moldova, Republic of",Austria,2014-09-01,
850,"EU - Moldova, Republic of",Belgium,2014-09-01,
850,"EU - Moldova, Republic of",Bulgaria,2014-09-01,
850,"EU - Moldova, Republic of",Croatia,2014-09-01,
850,"EU - Moldova, Republic of",Cyprus,2014-09-01,
850,"EU - Moldova, Republic of",Czech Republic,2014-09-01,
850,"EU - Moldova, Republic of",Denmark,2014-09-01,
850,"EU - Moldova, Republic of",Estonia,2014-09-01,
850,"EU - Moldova, Republic of",Finland,2014-09-01,
850,"EU - Moldova, Republic of",France,2014-09-01,
850,"EU - Moldova, Republic of",Germany,2014-09-01,
850,"EU - Moldova, Republic of",Greece,2014-09-01,
850,"EU - Moldova, Republic of",Hungary,2014-09-01,
850,"EU - Moldova, Republic of",Ireland,2014-09-01,
850,"EU - Moldova, Republic of",Italy,2014-09-01,
850,"EU - Moldova, Republic of",Latvia,2014-09-01,
850,"EU - Moldova, Republic of",Lithuania,2014-09-01,
850,"EU - Moldova, Republic of",Luxembourg,2014-09-01,
850,"EU - Moldova, Republic of",Malta,2014-09-01,
850,"EU - Moldova, Republic of","Moldova, Republic of",2014-09-01,
850,"EU - Moldova, Republic of",Netherlands,2014-09-01,
850,"EU - Moldova, Republic of",Poland,2014-09-01,
850,"EU - Moldova, Republic of",Portugal,2014-09-01,
850,"EU - Moldova, Republic of",Romania,2014-09-01,
850,"EU - Moldova, Republic of",Slovak Republic,2014-09-01,
850,"EU - Moldova, Republic of",Slovenia,2014-09-01,
850,"EU - Moldova, Republic of",Spain,2014-09-01,
850,"EU - Moldova, Republic of",Sweden,2014-09-01,
848,EU - Georgia,United Kingdom,2014-09-01,2020-12-31
848,EU - Georgia,Austria,2014-09-01,
848,EU - Georgia,Belgium,2014-09-01,
848,EU - Georgia,Bulgaria,2014-09-01,
848,EU - Georgia,Croatia,2014-09-01,
848,EU - Georgia,Cyprus,2014-09-01,
848,EU - Georgia,Czech Republic,2014-09-01,
848,EU - Georgia,Denmark,2014-09-01,
848,EU - Georgia,Estonia,2014-09-01,
848,EU - Georgia,Finland,2014-09-01,
848,EU - Georgia,France,2014-09-01,
848,EU - Georgia,Georgia,2014-09-01,
848,EU - Georgia,Germany,2014-09-01,
848,EU - Georgia,Greece,2014-09-01,
848,EU - Georgia,Hungary,2014-09-01,
848,EU - Georgia,Ireland,2014-09-01,
848,EU - Georgia,Italy,2014-09-01,
848,EU - Georgia,Latvia,2014-09-01,
848,EU - Georgia,Lithuania,2014-09-01,
848,EU - Georgia,Luxembourg,2014-09-01,
848,EU - Georgia,Malta,2014-09-01,
848,EU - Georgia,Netherlands,2014-09-01,
848,EU - Georgia,Poland,2014-09-01,
848,EU - Georgia,Portugal,2014-09-01,
848,EU - Georgia,Romania,2014-09-01,
848,EU - Georgia,Slovak Republic,2014-09-01,
848,EU - Georgia,Slovenia,2014-09-01,
848,EU - Georgia,Spain,2014-09-01,
848,EU - Georgia,Sweden,2014-09-01,
911,Canada - Honduras,Canada,2014-10-01,
911,Canada - Honduras,Honduras,2014-10-01,
746,"Hong Kong, China - Chile",Chile,2014-10-09,
746,"Hong Kong, China - Chile","Hong Kong, China",2014-10-09,
537,"Korea, Republic of - Australia",Australia,2014-12-12,
537,"Korea, Republic of - Australia","Korea, Republic of",2014-12-12,
168,"Canada - Korea, Republic of",Canada,2015-01-01,
168,"Canada - Korea, Republic of","Korea, Republic of",2015-01-01,
909,Eurasian Economic Union (EAEU) ,Armenia,2015-01-02,
909,Eurasian Economic Union (EAEU) ,Kyrgyz Republic,2015-08-12,
909,Eurasian Economic Union (EAEU) ,Belarus,2015-01-01,
909,Eurasian Economic Union (EAEU) ,Kazakhstan,2015-01-01,
909,Eurasian Economic Union (EAEU) ,Russian Federation,2015-01-01,
910,Eurasian Economic Union (EAEU) - Accession of Armenia,Armenia,2015-01-02,
910,Eurasian Economic Union (EAEU) - Accession of Armenia,Belarus,2015-01-02,
910,Eurasian Economic Union (EAEU) - Accession of Armenia,Kazakhstan,2015-01-02,
910,Eurasian Economic Union (EAEU) - Accession of Armenia,Russian Federation,2015-01-02,
175,Japan - Australia ,Australia,2015-01-15,
175,Japan - Australia ,Japan,2015-01-15,
564,EU - Bosnia and Herzegovina,United Kingdom,2015-06-01,2020-12-31
564,EU - Bosnia and Herzegovina,Austria,2015-06-01,
564,EU - Bosnia and Herzegovina,Belgium,2015-06-01,
564,EU - Bosnia and Herzegovina,Bosnia and Herzegovina,2015-06-01,
564,EU - Bosnia and Herzegovina,Bulgaria,2015-06-01,
564,EU - Bosnia and Herzegovina,Cyprus,2015-06-01,
564,EU - Bosnia and Herzegovina,Czech Republic,2015-06-01,
564,EU - Bosnia and Herzegovina,Denmark,2015-06-01,
564,EU - Bosnia and Herzegovina,Estonia,2015-06-01,
564,EU - Bosnia and Herzegovina,Finland,2015-06-01,
564,EU - Bosnia and Herzegovina,France,2015-06-01,
564,EU - Bosnia and Herzegovina,Germany,2015-06-01,
564,EU - Bosnia and Herzegovina,Greece,2015-06-01,
564,EU - Bosnia and Herzegovina,Hungary,2015-06-01,
564,EU - Bosnia and Herzegovina,Ireland,2015-06-01,
564,EU - Bosnia and Herzegovina,Italy,2015-06-01,
564,EU - Bosnia and Herzegovina,Latvia,2015-06-01,
564,EU - Bosnia and Herzegovina,Lithuania,2015-06-01,
564,EU - Bosnia and Herzegovina,Luxembourg,2015-06-01,
564,EU - Bosnia and Herzegovina,Malta,2015-06-01,
564,EU - Bosnia and Herzegovina,Netherlands,2015-06-01,
564,EU - Bosnia and Herzegovina,Poland,2015-06-01,
564,EU - Bosnia and Herzegovina,Portugal,2015-06-01,
564,EU - Bosnia and Herzegovina,Romania,2015-06-01,
564,EU - Bosnia and Herzegovina,Slovak Republic,2015-06-01,
564,EU - Bosnia and Herzegovina,Slovenia,2015-06-01,
564,EU - Bosnia and Herzegovina,Spain,2015-06-01,
564,EU - Bosnia and Herzegovina,Sweden,2015-06-01,
779,Mexico - Panama,Mexico,2015-07-01,
779,Mexico - Panama,Panama,2015-07-01,
438,ASEAN - India,Brunei Darussalam,2010-06-01,
438,ASEAN - India,Myanmar,2010-06-01,
438,ASEAN - India,Cambodia,2011-07-15,
438,ASEAN - India,Indonesia,2010-10-01,
438,ASEAN - India,Lao People's Democratic Republic,2011-01-01,
438,ASEAN - India,Philippines,2011-05-17,
438,ASEAN - India,Viet Nam,2010-06-01,
438,ASEAN - India,India,2015-07-01,
438,ASEAN - India,ASEAN Free Trade Area (AFTA),2015-07-01,
922,Eurasian Economic Union (EAEU) - Accession of the Kyrgyz Republic,Armenia,2015-08-12,
922,Eurasian Economic Union (EAEU) - Accession of the Kyrgyz Republic,Belarus,2015-08-12,
922,Eurasian Economic Union (EAEU) - Accession of the Kyrgyz Republic,Kazakhstan,2015-08-12,
922,Eurasian Economic Union (EAEU) - Accession of the Kyrgyz Republic,Kyrgyz Republic,2015-08-12,
922,Eurasian Economic Union (EAEU) - Accession of the Kyrgyz Republic,Russian Federation,2015-08-12,
684,Chile - Thailand,Chile,2015-11-05,
684,Chile - Thailand,Thailand,2015-11-05,
697,"China - Korea, Republic of",China,2015-12-20,
697,"China - Korea, Republic of","Korea, Republic of",2015-12-20,
643,"Korea, Republic of - New Zealand","Korea, Republic of",2015-12-20,
643,"Korea, Republic of - New Zealand",New Zealand,2015-12-20,
156,Australia - China,Australia,2015-12-20,
156,Australia - China,China,2015-12-20,
709,"Korea, Republic of - Viet Nam","Korea, Republic of",2015-12-20,
709,"Korea, Republic of - Viet Nam",Viet Nam,2015-12-20,
889,Pacific Alliance,Chile,2016-05-01,
889,Pacific Alliance,Colombia,2016-05-01,
889,Pacific Alliance,Mexico,2016-05-01,
889,Pacific Alliance,Peru,2016-05-01,
835,Japan - Mongolia,Japan,2016-06-07,
835,Japan - Mongolia,Mongolia,2016-06-07,
695,"Korea, Republic of - Colombia",Colombia,2016-07-15,
695,"Korea, Republic of - Colombia","Korea, Republic of",2016-07-15,
839,Costa Rica - Colombia,Colombia,2016-08-01,
839,Costa Rica - Colombia,Costa Rica,2016-08-01,
973,Eurasian Economic Union (EAEU) - Viet Nam,Viet Nam,2016-10-05,
973,Eurasian Economic Union (EAEU) - Viet Nam,Eurasian Economic Union (EAEU) ,2016-10-05,
907,EU - Colombia and Peru - Accession of Ecuador,United Kingdom,2017-01-01,2020-12-31
907,EU - Colombia and Peru - Accession of Ecuador,Austria,2017-01-01,
907,EU - Colombia and Peru - Accession of Ecuador,Belgium,2017-01-01,
907,EU - Colombia and Peru - Accession of Ecuador,Bulgaria,2017-01-01,
907,EU - Colombia and Peru - Accession of Ecuador,Colombia,2017-01-01,
907,EU - Colombia and Peru - Accession of Ecuador,Croatia,2017-01-01,
907,EU - Colombia and Peru - Accession of Ecuador,Cyprus,2017-01-01,
907,EU - Colombia and Peru - Accession of Ecuador,Czech Republic,2017-01-01,
907,EU - Colombia and Peru - Accession of Ecuador,Denmark,2017-01-01,
907,EU - Colombia and Peru - Accession of Ecuador,Ecuador,2017-01-01,
907,EU - Colombia and Peru - Accession of Ecuador,Estonia,2017-01-01,
907,EU - Colombia and Peru - Accession of Ecuador,Finland,2017-01-01,
907,EU - Colombia and Peru - Accession of Ecuador,France,2017-01-01,
907,EU - Colombia and Peru - Accession of Ecuador,Germany,2017-01-01,
907,EU - Colombia and Peru - Accession of Ecuador,Greece,2017-01-01,
907,EU - Colombia and Peru - Accession of Ecuador,Hungary,2017-01-01,
907,EU - Colombia and Peru - Accession of Ecuador,Ireland,2017-01-01,
907,EU - Colombia and Peru - Accession of Ecuador,Italy,2017-01-01,
907,EU - Colombia and Peru - Accession of Ecuador,Latvia,2017-01-01,
907,EU - Colombia and Peru - Accession of Ecuador,Lithuania,2017-01-01,
907,EU - Colombia and Peru - Accession of Ecuador,Luxembourg,2017-01-01,
907,EU - Colombia and Peru - Accession of Ecuador,Malta,2017-01-01,
907,EU - Colombia and Peru - Accession of Ecuador,Netherlands,2017-01-01,
907,EU - Colombia and Peru - Accession of Ecuador,Peru,2017-01-01,
907,EU - Colombia and Peru - Accession of Ecuador,Poland,2017-01-01,
907,EU - Colombia and Peru - Accession of Ecuador,Portugal,2017-01-01,
907,EU - Colombia and Peru - Accession of Ecuador,Romania,2017-01-01,
907,EU - Colombia and Peru - Accession of Ecuador,Slovak Republic,2017-01-01,
907,EU - Colombia and Peru - Accession of Ecuador,Slovenia,2017-01-01,
907,EU - Colombia and Peru - Accession of Ecuador,Spain,2017-01-01,
907,EU - Colombia and Peru - Accession of Ecuador,Sweden,2017-01-01,
749,Peru - Honduras,Honduras,2017-01-01,
749,Peru - Honduras,Peru,2017-01-01,
953,EFTA - Georgia,Liechtenstein,2018-05-01,
953,EFTA - Georgia,Switzerland,2018-05-01,
953,EFTA - Georgia,Georgia,2017-09-01,
953,EFTA - Georgia,European Free Trade Association (EFTA),2017-09-01,
619,EU - Canada,United Kingdom,2017-09-21,2020-12-31
619,EU - Canada,Austria,2017-09-21,
619,EU - Canada,Belgium,2017-09-21,
619,EU - Canada,Bulgaria,2017-09-21,
619,EU - Canada,Canada,2017-09-21,
619,EU - Canada,Croatia,2017-09-21,
619,EU - Canada,Cyprus,2017-09-21,
619,EU - Canada,Czech Republic,2017-09-21,
619,EU - Canada,Denmark,2017-09-21,
619,EU - Canada,Estonia,2017-09-21,
619,EU - Canada,Finland,2017-09-21,
619,EU - Canada,France,2017-09-21,
619,EU - Canada,Germany,2017-09-21,
619,EU - Canada,Greece,2017-09-21,
619,EU - Canada,Hungary,2017-09-21,
619,EU - Canada,Ireland,2017-09-21,
619,EU - Canada,Italy,2017-09-21,
619,EU - Canada,Latvia,2017-09-21,
619,EU - Canada,Lithuania,2017-09-21,
619,EU - Canada,Luxembourg,2017-09-21,
619,EU - Canada,Malta,2017-09-21,
619,EU - Canada,Netherlands,2017-09-21,
619,EU - Canada,Poland,2017-09-21,
619,EU - Canada,Portugal,2017-09-21,
619,EU - Canada,Romania,2017-09-21,
619,EU - Canada,Slovak Republic,2017-09-21,
619,EU - Canada,Slovenia,2017-09-21,
619,EU - Canada,Spain,2017-09-21,
619,EU - Canada,Sweden,2017-09-21,
935,Trkiye - Singapore,Singapore,2017-10-01,
935,Trkiye - Singapore,Trkiye,2017-10-01,
1029,"Hong Kong, China - Macao, China","Hong Kong, China",2017-10-27,
1029,"Hong Kong, China - Macao, China","Macao, China",2017-10-27,
991,China - Georgia ,China,2018-01-01,
991,China - Georgia ,Georgia,2018-01-01,
849,EU - Armenia,United Kingdom,2018-06-01,2020-12-31
849,EU - Armenia,Austria,2018-06-01,
849,EU - Armenia,Armenia,2018-06-01,
849,EU - Armenia,Belgium,2018-06-01,
849,EU - Armenia,Bulgaria,2018-06-01,
849,EU - Armenia,Croatia,2018-06-01,
849,EU - Armenia,Cyprus,2018-06-01,
849,EU - Armenia,Czech Republic,2018-06-01,
849,EU - Armenia,Denmark,2018-06-01,
849,EU - Armenia,Estonia,2018-06-01,
849,EU - Armenia,Finland,2018-06-01,
849,EU - Armenia,France,2018-06-01,
849,EU - Armenia,Germany,2018-06-01,
849,EU - Armenia,Greece,2018-06-01,
849,EU - Armenia,Hungary,2018-06-01,
849,EU - Armenia,Ireland,2018-06-01,
849,EU - Armenia,Italy,2018-06-01,
849,EU - Armenia,Latvia,2018-06-01,
849,EU - Armenia,Lithuania,2018-06-01,
849,EU - Armenia,Luxembourg,2018-06-01,
849,EU - Armenia,Malta,2018-06-01,
849,EU - Armenia,Netherlands,2018-06-01,
849,EU - Armenia,Poland,2018-06-01,
849,EU - Armenia,Portugal,2018-06-01,
849,EU - Armenia,Romania,2018-06-01,
849,EU - Armenia,Slovak Republic,2018-06-01,
849,EU - Armenia,Slovenia,2018-06-01,
849,EU - Armenia,Spain,2018-06-01,
849,EU - Armenia,Sweden,2018-06-01,
954,EFTA - Philippines ,Iceland,2020-01-01,
954,EFTA - Philippines ,Philippines,2018-06-01,
954,EFTA - Philippines ,European Free Trade Association (EFTA),2018-06-01,
699,"Korea, Republic of - Trkiye","Korea, Republic of",2018-08-01,
699,"Korea, Republic of - Trkiye",Trkiye,2018-08-01,
640,Comprehensive and Progressive Agreement for Trans-Pacific Partnership (CPTPP),Malaysia,2022-11-29,
640,Comprehensive and Progressive Agreement for Trans-Pacific Partnership (CPTPP),Peru,2021-09-19,
640,Comprehensive and Progressive Agreement for Trans-Pacific Partnership (CPTPP),Viet Nam,2019-01-14,
640,Comprehensive and Progressive Agreement for Trans-Pacific Partnership (CPTPP),Australia,2018-12-30,
640,Comprehensive and Progressive Agreement for Trans-Pacific Partnership (CPTPP),Brunei Darussalam,2018-12-30,
640,Comprehensive and Progressive Agreement for Trans-Pacific Partnership (CPTPP),Canada,2018-12-30,
640,Comprehensive and Progressive Agreement for Trans-Pacific Partnership (CPTPP),Chile,2018-12-30,
640,Comprehensive and Progressive Agreement for Trans-Pacific Partnership (CPTPP),Japan,2018-12-30,
640,Comprehensive and Progressive Agreement for Trans-Pacific Partnership (CPTPP),Mexico,2018-12-30,
640,Comprehensive and Progressive Agreement for Trans-Pacific Partnership (CPTPP),New Zealand,2018-12-30,
640,Comprehensive and Progressive Agreement for Trans-Pacific Partnership (CPTPP),Singapore,2018-12-30,
836,EU - Japan,United Kingdom,2019-02-01,2020-12-31
836,EU - Japan,Austria,2019-02-01,
836,EU - Japan,Belgium,2019-02-01,
836,EU - Japan,Bulgaria,2019-02-01,
836,EU - Japan,Croatia,2019-02-01,
836,EU - Japan,Cyprus,2019-02-01,
836,EU - Japan,Czech Republic,2019-02-01,
836,EU - Japan,Denmark,2019-02-01,
836,EU - Japan,Estonia,2019-02-01,
836,EU - Japan,Finland,2019-02-01,
836,EU - Japan,France,2019-02-01,
836,EU - Japan,Germany,2019-02-01,
836,EU - Japan,Greece,2019-02-01,
836,EU - Japan,Hungary,2019-02-01,
836,EU - Japan,Ireland,2019-02-01,
836,EU - Japan,Italy,2019-02-01,
836,EU - Japan,Japan,2019-02-01,
836,EU - Japan,Latvia,2019-02-01,
836,EU - Japan,Lithuania,2019-02-01,
836,EU - Japan,Luxembourg,2019-02-01,
836,EU - Japan,Malta,2019-02-01,
836,EU - Japan,Netherlands,2019-02-01,
836,EU - Japan,Poland,2019-02-01,
836,EU - Japan,Portugal,2019-02-01,
836,EU - Japan,Romania,2019-02-01,
836,EU - Japan,Slovak Republic,2019-02-01,
836,EU - Japan,Slovenia,2019-02-01,
836,EU - Japan,Spain,2019-02-01,
836,EU - Japan,Sweden,2019-02-01,
992,"Hong Kong, China - Georgia",Georgia,2019-02-13,
992,"Hong Kong, China - Georgia","Hong Kong, China",2019-02-13,
627,Trkiye - Serbia,Trkiye,2019-06-01,
627,Trkiye - Serbia,Serbia,2019-06-01,
994,"ASEAN - Hong Kong, China",Brunei Darussalam,2020-10-20,
994,"ASEAN - Hong Kong, China",Cambodia,2021-02-12,
994,"ASEAN - Hong Kong, China",Indonesia,2020-07-04,
994,"ASEAN - Hong Kong, China",Malaysia,2019-10-13,
994,"ASEAN - Hong Kong, China",Philippines,2020-05-12,
994,"ASEAN - Hong Kong, China","Hong Kong, China",2019-06-11,
994,"ASEAN - Hong Kong, China",ASEAN Free Trade Area (AFTA),2019-06-11,
901,"Korea, Republic of - Central America",Costa Rica,2019-11-01,
901,"Korea, Republic of - Central America",El Salvador,2020-01-01,
901,"Korea, Republic of - Central America",Panama,2021-03-01,
901,"Korea, Republic of - Central America",Honduras,2019-10-01,
901,"Korea, Republic of - Central America","Korea, Republic of",2019-10-01,
901,"Korea, Republic of - Central America",Nicaragua,2019-10-01,
847,EU - Singapore,United Kingdom,2019-11-21,2020-12-31
847,EU - Singapore,Austria,2019-11-21,
847,EU - Singapore,Belgium,2019-11-21,
847,EU - Singapore,Bulgaria,2019-11-21,
847,EU - Singapore,Croatia,2019-11-21,
847,EU - Singapore,Cyprus,2019-11-21,
847,EU - Singapore,Czech Republic,2019-11-21,
847,EU - Singapore,Denmark,2019-11-21,
847,EU - Singapore,Estonia,2019-11-21,
847,EU - Singapore,Finland,2019-11-21,
847,EU - Singapore,France,2019-11-21,
847,EU - Singapore,Germany,2019-11-21,
847,EU - Singapore,Greece,2019-11-21,
847,EU - Singapore,Hungary,2019-11-21,
847,EU - Singapore,Ireland,2019-11-21,
847,EU - Singapore,Italy,2019-11-21,
847,EU - Singapore,Latvia,2019-11-21,
847,EU - Singapore,Lithuania,2019-11-21,
847,EU - Singapore,Luxembourg,2019-11-21,
847,EU - Singapore,Malta,2019-11-21,
847,EU - Singapore,Netherlands,2019-11-21,
847,EU - Singapore,Poland,2019-11-21,
847,EU - Singapore,Portugal,2019-11-21,
847,EU - Singapore,Romania,2019-11-21,
847,EU - Singapore,Singapore,2019-11-21,
847,EU - Singapore,Slovak Republic,2019-11-21,
847,EU - Singapore,Slovenia,2019-11-21,
847,EU - Singapore,Spain,2019-11-21,
847,EU - Singapore,Sweden,2019-11-21,
1030,"Hong Kong, China - Australia",Australia,2020-01-17,
1030,"Hong Kong, China - Australia","Hong Kong, China",2020-01-17,
1032,Peru - Australia,Australia,2020-02-11,
1032,Peru - Australia,Peru,2020-02-11,
1087,United States-Mexico-Canada Agreement (USMCA/CUSMA/T-MEC),Canada,2020-07-01,
1087,United States-Mexico-Canada Agreement (USMCA/CUSMA/T-MEC),Mexico,2020-07-01,
1087,United States-Mexico-Canada Agreement (USMCA/CUSMA/T-MEC),United States of America,2020-07-01,
546,Indonesia - Australia,Australia,2020-07-05,
546,Indonesia - Australia,Indonesia,2020-07-05,
872,EU - Viet Nam,United Kingdom,2020-08-01,2020-12-31
872,EU - Viet Nam,Austria,2020-08-01,
872,EU - Viet Nam,Belgium,2020-08-01,
872,EU - Viet Nam,Bulgaria,2020-08-01,
872,EU - Viet Nam,Croatia,2020-08-01,
872,EU - Viet Nam,Cyprus,2020-08-01,
872,EU - Viet Nam,Czech Republic,2020-08-01,
872,EU - Viet Nam,Denmark,2020-08-01,
872,EU - Viet Nam,Estonia,2020-08-01,
872,EU - Viet Nam,Finland,2020-08-01,
872,EU - Viet Nam,France,2020-08-01,
872,EU - Viet Nam,Germany,2020-08-01,
872,EU - Viet Nam,Greece,2020-08-01,
872,EU - Viet Nam,Hungary,2020-08-01,
872,EU - Viet Nam,Ireland,2020-08-01,
872,EU - Viet Nam,Italy,2020-08-01,
872,EU - Viet Nam,Latvia,2020-08-01,
872,EU - Viet Nam,Lithuania,2020-08-01,
872,EU - Viet Nam,Luxembourg,2020-08-01,
872,EU - Viet Nam,Malta,2020-08-01,
872,EU - Viet Nam,Netherlands,2020-08-01,
872,EU - Viet Nam,Poland,2020-08-01,
872,EU - Viet Nam,Portugal,2020-08-01,
872,EU - Viet Nam,Romania,2020-08-01,
872,EU - Viet Nam,Slovak Republic,2020-08-01,
872,EU - Viet Nam,Viet Nam,2020-08-01,
872,EU - Viet Nam,Slovenia,2020-08-01,
872,EU - Viet Nam,Spain,2020-08-01,
872,EU - Viet Nam,Sweden,2020-08-01,
176,ASEAN - Japan,Brunei Darussalam,2009-01-01,
176,ASEAN - Japan,Cambodia,2009-12-01,
176,ASEAN - Japan,Indonesia,2010-03-01,
176,ASEAN - Japan,Malaysia,2009-02-01,
176,ASEAN - Japan,Philippines,2010-07-01,
176,ASEAN - Japan,Thailand,2009-06-01,
176,ASEAN - Japan,Japan,2020-08-01,
176,ASEAN - Japan,ASEAN Free Trade Area (AFTA),2020-08-01,
844,Colombia - Israel,Colombia,2020-08-11,
844,Colombia - Israel,Israel,2020-08-11,
971,EFTA - Ecuador,Ecuador,2020-11-01,
971,EFTA - Ecuador,European Free Trade Association (EFTA),2020-11-01,
683,Pacific Agreement on Closer Economic Relations Plus (PACER Plus) ,Australia,2020-12-13,
683,Pacific Agreement on Closer Economic Relations Plus (PACER Plus) ,Solomon Islands,2020-12-13,
683,Pacific Agreement on Closer Economic Relations Plus (PACER Plus) ,Cook Islands,2020-12-13,
683,Pacific Agreement on Closer Economic Relations Plus (PACER Plus) ,Kiribati,2020-12-13,
683,Pacific Agreement on Closer Economic Relations Plus (PACER Plus) ,Nauru,2020-12-13,
683,Pacific Agreement on Closer Economic Relations Plus (PACER Plus) ,Vanuatu,2020-12-13,
683,Pacific Agreement on Closer Economic Relations Plus (PACER Plus) ,New Zealand,2020-12-13,
683,Pacific Agreement on Closer Economic Relations Plus (PACER Plus) ,Niue,2020-12-13,
683,Pacific Agreement on Closer Economic Relations Plus (PACER Plus) ,Tonga,2020-12-13,
683,Pacific Agreement on Closer Economic Relations Plus (PACER Plus) ,Tuvalu,2020-12-13,
683,Pacific Agreement on Closer Economic Relations Plus (PACER Plus) ,Samoa,2020-12-13,
1141,United Kingdom - Colombia,Colombia,2021-01-01,
1141,United Kingdom - Colombia,United Kingdom,2021-01-01,
1117,United Kingdom - Ukraine,Ukraine,2021-01-01,
1117,United Kingdom - Ukraine,United Kingdom,2021-01-01,
1034,China - Mauritius,China,2021-01-01,
1034,China - Mauritius,Mauritius,2021-01-01,
1137,EU - United Kingdom,United Kingdom,2021-01-01,
1137,EU - United Kingdom,European Union,2021-01-01,
1097,United Kingdom - CARIFORUM States,Antigua and Barbuda,2021-01-01,
1097,United Kingdom - CARIFORUM States,Bahamas,2021-01-01,
1097,United Kingdom - CARIFORUM States,Barbados,2021-01-01,
1097,United Kingdom - CARIFORUM States,Belize,2021-01-01,
1097,United Kingdom - CARIFORUM States,Dominica,2021-01-01,
1097,United Kingdom - CARIFORUM States,Dominican Republic,2021-01-01,
1097,United Kingdom - CARIFORUM States,Grenada,2021-01-01,
1097,United Kingdom - CARIFORUM States,Guyana,2021-01-01,
1097,United Kingdom - CARIFORUM States,Haiti,2021-01-01,
1097,United Kingdom - CARIFORUM States,Jamaica,2021-01-01,
1097,United Kingdom - CARIFORUM States,Saint Kitts and Nevis,2021-01-01,
1097,United Kingdom - CARIFORUM States,Saint Lucia,2021-01-01,
1097,United Kingdom - CARIFORUM States,Saint Vincent and the Grenadines,2021-01-01,
1097,United Kingdom - CARIFORUM States,Suriname,2021-01-01,
1097,United Kingdom - CARIFORUM States,Trinidad and Tobago,2021-01-01,
1097,United Kingdom - CARIFORUM States,United Kingdom,2021-01-01,
1130,United Kingdom - Viet Nam,Viet Nam,2021-01-01,
1130,United Kingdom - Viet Nam,United Kingdom,2021-01-01,
1099,United Kingdom - Chile,Chile,2021-01-01,
1099,United Kingdom - Chile,United Kingdom,2021-01-01,
1096,"United Kingdom - Colombia, Ecuador and Peru",Colombia,2021-01-01,
1096,"United Kingdom - Colombia, Ecuador and Peru",Ecuador,2021-01-01,
1096,"United Kingdom - Colombia, Ecuador and Peru",Peru,2021-01-01,
1096,"United Kingdom - Colombia, Ecuador and Peru",United Kingdom,2021-01-01,
1103,United Kingdom - Georgia,Georgia,2021-01-01,
1103,United Kingdom - Georgia,United Kingdom,2021-01-01,
1098,United Kingdom - Central America,Costa Rica,2021-01-01,
1098,United Kingdom - Central America,El Salvador,2021-01-01,
1098,United Kingdom - Central America,Guatemala,2021-01-01,
1098,United Kingdom - Central America,Honduras,2021-01-01,
1098,United Kingdom - Central America,Nicaragua,2021-01-01,
1098,United Kingdom - Central America,Panama,2021-01-01,
1098,United Kingdom - Central America,United Kingdom,2021-01-01,
1113,"United Kingdom - Korea, Republic of","Korea, Republic of",2021-01-01,
1113,"United Kingdom - Korea, Republic of",United Kingdom,2021-01-01,
1125,"United Kingdom - Moldova, Republic of","Moldova, Republic of",2021-01-01,
1125,"United Kingdom - Moldova, Republic of",United Kingdom,2021-01-01,
1126,United Kingdom - North Macedonia,North Macedonia,2021-01-01,
1126,United Kingdom - North Macedonia,United Kingdom,2021-01-01,
1128,United Kingdom - Singapore,Singapore,2021-01-01,
1128,United Kingdom - Singapore,United Kingdom,2021-01-01,
1091,United Kingdom - Japan,Japan,2021-01-01,
1091,United Kingdom - Japan,United Kingdom,2021-01-01,
1133,United Kingdom - Canada,Canada,2021-04-01,
1133,United Kingdom - Canada,United Kingdom,2021-04-01,
517,India - Mauritius,India,2021-04-01,
517,India - Mauritius,Mauritius,2021-04-01,
1118,United Kingdom - Albania,Albania,2021-05-03,
1118,United Kingdom - Albania,United Kingdom,2021-05-03,
1127,United Kingdom - Serbia,United Kingdom,2021-05-20,
1127,United Kingdom - Serbia,Serbia,2021-05-20,
1124,United Kingdom - Mexico,Mexico,2021-06-01,
1124,United Kingdom - Mexico,United Kingdom,2021-06-01,
1176,EFTA - Trkiye,Trkiye,2021-10-01,
1176,EFTA - Trkiye,European Free Trade Association (EFTA),2021-10-01,
601,EFTA - Indonesia,Indonesia,2021-11-01,
601,EFTA - Indonesia,European Free Trade Association (EFTA),2021-11-01,
1173,"United Kingdom - Iceland, Liechtenstein and Norway",Iceland,2021-12-01,
1173,"United Kingdom - Iceland, Liechtenstein and Norway",Liechtenstein,2021-12-01,
1173,"United Kingdom - Iceland, Liechtenstein and Norway",Norway,2021-12-01,
1173,"United Kingdom - Iceland, Liechtenstein and Norway",United Kingdom,2021-12-01,
45,Southern African Development Community (SADC),Seychelles,2015-05-25,
45,Southern African Development Community (SADC),Botswana,2022-01-13,
45,Southern African Development Community (SADC),Lesotho,2022-01-13,
45,Southern African Development Community (SADC),Malawi,2022-01-13,
45,Southern African Development Community (SADC),Mauritius,2022-01-13,
45,Southern African Development Community (SADC),Mozambique,2022-01-13,
45,Southern African Development Community (SADC),Namibia,2022-01-13,
45,Southern African Development Community (SADC),South Africa,2022-01-13,
45,Southern African Development Community (SADC),Zimbabwe,2022-01-13,
45,Southern African Development Community (SADC),Eswatini,2022-01-13,
45,Southern African Development Community (SADC),Tanzania,2022-01-13,
45,Southern African Development Community (SADC),Zambia,2022-01-13,
1198,India - United Arab Emirates,India,2022-05-01,
1198,India - United Arab Emirates,United Arab Emirates,2022-05-01,
708,Trkiye - Montenegro,Trkiye,2022-07-01,
708,Trkiye - Montenegro,Montenegro,2022-07-01,
899,"Indonesia - Korea, Republic of",Indonesia,2023-01-01,
899,"Indonesia - Korea, Republic of","Korea, Republic of",2023-01-01,
1152,United Kingdom - Australia,Australia,2023-05-31,
1152,United Kingdom - Australia,United Kingdom,2023-05-31,
1161,United Kingdom - New Zealand,New Zealand,2023-05-31,
1161,United Kingdom - New Zealand,United Kingdom,2023-05-31,
